id,category,zone,name,rig,size_studs,size_axis,triangles,budget,parts,glow_parts,clips,status,blend,fbx,notes
plains_aggressive_seagull,Mobs,01_Plains,Aggressive Seagull,Bird,3,height,302,300-1500,7,0,Idle Walk Attack1 Shoot Hit Death Spawn,ok,Blender/Mobs/01_Plains/plains_aggressive_seagull.blend,Blender_Exports/Mobs/01_Plains/plains_aggressive_seagull.fbx,
plains_bat,Mobs,01_Plains,Bat,Bird,2.5,height,300,300-1500,7,0,Idle Walk Attack1 Shoot Hit Death Spawn,ok,Blender/Mobs/01_Plains/plains_bat.blend,Blender_Exports/Mobs/01_Plains/plains_bat.fbx,
plains_boar,Mobs,01_Plains,Boar,Quadruped,3,height,482,300-1500,7,0,Idle Walk Run Attack1 Hit Death Spawn,ok,Blender/Mobs/01_Plains/plains_boar.blend,Blender_Exports/Mobs/01_Plains/plains_boar.fbx,pilot: conventions in Blender/README.txt
plains_brown_bear,Mobs,01_Plains,Brown Bear,Quadruped,6,height,536,300-1500,7,0,Idle Walk Run Attack1 Hit Death Spawn,ok,Blender/Mobs/01_Plains/plains_brown_bear.blend,Blender_Exports/Mobs/01_Plains/plains_brown_bear.fbx,
plains_field_bandit,Mobs,01_Plains,Field Bandit,Biped,5.5,height,552,300-1500,6,0,Idle Walk Run Attack1 Shoot Hit Death Spawn,ok,Blender/Mobs/01_Plains/plains_field_bandit.blend,Blender_Exports/Mobs/01_Plains/plains_field_bandit.fbx,
plains_forest_archer,Mobs,01_Plains,Forest Archer,Biped,5.5,height,552,300-1500,6,0,Idle Walk Run Attack1 Shoot Hit Death Spawn,ok,Blender/Mobs/01_Plains/plains_forest_archer.blend,Blender_Exports/Mobs/01_Plains/plains_forest_archer.fbx,
plains_giant_crab,Mobs,01_Plains,Giant Crab,Crustacean,4,height,344,300-1500,9,0,Idle Walk Attack1 Hit Death Spawn,ok,Blender/Mobs/01_Plains/plains_giant_crab.blend,Blender_Exports/Mobs/01_Plains/plains_giant_crab.fbx,
plains_giant_spider,Mobs,01_Plains,Giant Spider,Arachnid,4.5,height,412,300-1500,10,0,Idle Walk Attack1 Hit Death Spawn,ok,Blender/Mobs/01_Plains/plains_giant_spider.blend,Blender_Exports/Mobs/01_Plains/plains_giant_spider.fbx,
plains_miner_skeleton,Mobs,01_Plains,Miner Skeleton,Biped,5.5,height,648,300-1500,6,1,Idle Walk Run Attack1 Shoot Hit Death Spawn,ok,Blender/Mobs/01_Plains/plains_miner_skeleton.blend,Blender_Exports/Mobs/01_Plains/plains_miner_skeleton.fbx,
plains_shipwrecked_pirate,Mobs,01_Plains,Shipwrecked Pirate,Biped,5.5,height,596,300-1500,6,0,Idle Walk Run Attack1 Shoot Hit Death Spawn,ok,Blender/Mobs/01_Plains/plains_shipwrecked_pirate.blend,Blender_Exports/Mobs/01_Plains/plains_shipwrecked_pirate.fbx,
plains_wild_wolf,Mobs,01_Plains,Wild Wolf,Quadruped,4,height,508,300-1500,7,0,Idle Walk Run Attack1 Hit Death Spawn,ok,Blender/Mobs/01_Plains/plains_wild_wolf.blend,Blender_Exports/Mobs/01_Plains/plains_wild_wolf.fbx,
plains_cave_troll,MiniBosses,01_Plains,Cave Troll,Biped,10,height,1928,1500-3000,6,0,Idle Walk Run Attack1 Shoot Attack2 Hit Death Spawn Roar,ok,Blender/MiniBosses/01_Plains/plains_cave_troll.blend,Blender_Exports/MiniBosses/01_Plains/plains_cave_troll.fbx,
plains_crystal_spider_matriarch,MiniBosses,01_Plains,Crystal Spider Matriarch,Arachnid,9,height,2292,1500-3000,10,2,Idle Walk Attack1 Attack2 Hit Death Spawn Roar,ok,Blender/MiniBosses/01_Plains/plains_crystal_spider_matriarch.blend,Blender_Exports/MiniBosses/01_Plains/plains_crystal_spider_matriarch.fbx,
plains_golem,Bosses,01_Plains,Golem,Golem,18,height,4364,3000-6000,6,3,Idle Walk Attack1 Hit Death Intro Enrage,ok,Blender/Bosses/01_Plains/plains_golem.blend,Blender_Exports/Bosses/01_Plains/plains_golem.fbx,
